<?xml version="1.0" encoding="UTF-8"?>
<!DOCTYPE explane>
<explane version="1.0">
    <Units>
        <length_unit_to_meter>1</length_unit_to_meter>
        <mass_unit_to_kg>1</mass_unit_to_kg>
    </Units>
    <Plane>
        <Name>First_F3F</Name>
        <Description></Description>
        <Inertia>
            <Point_Mass>
                <Tag></Tag>
                <Mass>  0.850</Mass>
                <coordinates>      0.005,           0,           0</coordinates>
            </Point_Mass>
        </Inertia>
        <has_body>false</has_body>
        <wing>
            <Name>Main Wing</Name>
            <Type>MAINWING</Type>
            <Color>
                <red>255</red>
                <green>255</green>
                <blue>127</blue>
                <alpha>255</alpha>
            </Color>
            <Description></Description>
            <Position>          0,           0,           0</Position>
            <Tilt_angle>  0.100</Tilt_angle>
            <Symetric>true</Symetric>
            <isFin>false</isFin>
            <isDoubleFin>false</isDoubleFin>
            <isSymFin>false</isSymFin>
            <Inertia>
                <Volume_Mass>  1.400</Volume_Mass>
            </Inertia>
            <Sections>
                <Section>
                    <y_position>  0.000000</y_position>
                    <Chord>  0.220000</Chord>
                    <xOffset>  0.000000</xOffset>
                    <Dihedral>  3.000000</Dihedral>
                    <Twist>  0.000</Twist>
                    <x_number_of_panels>13</x_number_of_panels>
                    <x_panel_distribution>COSINE</x_panel_distribution>
                    <y_number_of_panels>5</y_number_of_panels>
                    <y_panel_distribution>UNIFORM</y_panel_distribution>
                    <Left_Side_FoilName>MainWing_1</Left_Side_FoilName>
                    <Right_Side_FoilName>MainWing_1</Right_Side_FoilName>
                </Section>
            </Sections>
        </wing>
        <wing>
            <Name>Fin</Name>
            <Type>FIN</Type>
            <Color>
                <red>172</red>
                <green>133</green>
                <blue>225</blue>
                <alpha>255</alpha>
            </Color>
            <Description></Description>
            <Position>      0.885,           0,           0</Position>
            <Tilt_angle>  0.000</Tilt_angle>
            <Symetric>true</Symetric>
            <isFin>true</isFin>
            <isDoubleFin>true</isDoubleFin>
            <isSymFin>false</isSymFin>
            <Inertia>
                <Volume_Mass>  0.085</Volume_Mass>
            </Inertia>
            <Sections>
                <Section>
                    <y_position>  0.000000</y_position>
                    <Chord>  0.110000</Chord>
                    <xOffset>  0.000000</xOffset>
                    <Dihedral>  40.000000</Dihedral>
                    <Twist>  0.000</Twist>
                    <x_number_of_panels>13</x_number_of_panels>
                    <x_panel_distribution>COSINE</x_panel_distribution>
                    <y_number_of_panels>5</y_number_of_panels>
                    <y_panel_distribution>UNIFORM</y_panel_distribution>
                    <Left_Side_FoilName>Fin_1</Left_Side_FoilName>
                    <Right_Side_FoilName>Fin_1</Right_Side_FoilName>
                </Section>
            </Sections>
        </wing>
    </Plane>
</explane>
